<?xml version="1.0" encoding="UTF-8"?>
<beans xmlns="http://www.springframework.org/schema/beans"
       xmlns:xsi="http://www.w3.org/2001/XMLSchema-instance"
       xmlns:context="http://www.springframework.org/schema/context"
       xmlns:mvc="http://www.springframework.org/schema/mvc"
       xsi:schemaLocation="http://www.springframework.org/schema/beans http://www.springframework.org/schema/beans/spring-beans.xsd http://www.springframework.org/schema/context https://www.springframework.org/schema/context/spring-context.xsd http://www.springframework.org/schema/mvc https://www.springframework.org/schema/mvc/spring-mvc.xsd">
    <context:component-scan base-package="com.mashibing"></context:component-scan>
    <mvc:default-servlet-handler/>
    <mvc:annotation-driven></mvc:annotation-driven>
    <bean class="org.springframework.web.servlet.view.InternalResourceViewResolver">
        <property name="suffix" value=".jsp"></property>
        <property name="prefix" value="/WEB-INF/page/"></property>
    </bean>
    <bean id="multipartResolver" class="org.springframework.web.multipart.commons.CommonsMultipartResolver">
        <property name="defaultEncoding" value="UTF-8"></property>
        <property name="maxUploadSize" value="1024000"></property>
    </bean>

    <mvc:interceptors>
        <bean class="com.mashibing.interceptor.MyInterceptor"></bean>
        <bean class="com.mashibing.interceptor.SecondInterceptor"></bean>
    </mvc:interceptors>
    <bean id="messageSource" class="org.springframework.context.support.ResourceBundleMessageSource">
        <property name="basename" value="login"></property>
    </bean>
<!--    <bean id="localeResolver" class="com.mashibing.MyLocaleResolver"></bean>-->
    <bean id="localeResolver" class="org.springframework.web.servlet.i18n.SessionLocaleResolver"></bean>
    <mvc:interceptors>
        <bean class="org.springframework.web.servlet.i18n.LocaleChangeInterceptor"></bean>
    </mvc:interceptors>
</beans>