<?xml version="1.0" encoding="UTF-8" ?>

<configuration>

    <!-- 设置变量LOG_HOME，用于指定log日志文件存放的目录 -->
    <property name="LOG_HOME" value="${catalina.base}/logs/"/>

    <!-- 控制台输出 -->
    <appender name="Stdout" class="ch.qos.logback.core.ConsoleAppender">
        <!-- 日志输出编码 -->
        <layout class="ch.qos.logback.classic.PatternLayout">

            <pattern>%d{yyyy-MM-dd HH:mm:ss.SSS} [%thread] %-5level %logger{50} -%msg%n</pattern>
        </layout>
    </appender>

    <!-- 按照每天生成日志文件-->
    <appender name="RollingFile" class="ch.qos.logback.core.rolling.RollingFileAppender">

        <rollingPolicy class="ch.qos.logback.core.rolling.TimeBasedRollingPolicy">
            <!--日志文件输出的文件名-->
            <fileNamePattern>logbackhome/server.%d{yyy-MM-dd}.log</fileNamePattern>
            <MaxHistory>30</MaxHistory>
        </rollingPolicy>
        <layout class="ch.qos.logback.classic.PatternLayout">

            <pattern>%d{yyyy-MM-dd HH:mm:ss.SSS} [%thread] %-5level %logger{50} -%msg%n</pattern>
        </layout>
        <!-- 日志文件最大的大小-->
        <triggeringPolicy class="ch.qos.logback.core.rolling.SizeBasedTriggeringPolicy">
            <MaxFileSize>10MB</MaxFileSize>
        </triggeringPolicy>
    </appender>


    <!-- 日志输出级别 debug  info warn  error fetel  -->
    <root level="info">
        <appender-ref ref="Stdout"/>
        <appender-ref ref="RollingFile"/>
    </root>

    <logger name="com.msb.mapper" level="debug"></logger>


    <!-- 日志异步到数据库 -->
    <!--    <appender name="DB" class="ch.qos.logback.classic.db.DBAppender">
    
            <connectionSource class="ch.qos.logback.core.db.DriverManagerConnectionSource">
    
                <dataSource class="com.mchange.v2.c3p0.ComboPooledDataSource">
                    <driverClass>com.mysql.jdbc.Driver</driverClass>
                    <url>jdbc:mysql://127.0.0.1:3306/test</url>
                    <user>root</user>
                    <password>root</password>
                </dataSource>
            </connectionSource>
        </appender>-->

</configuration>