<?xml version="1.0" encoding="UTF-8" ?>
<!DOCTYPE mapper
        PUBLIC "-//mybatis.org//DTD Mapper 3.0//EN"
        "http://mybatis.org/dtd/mybatis-3-mapper.dtd">
<mapper namespace="com.mashibing.dao.EmpDao">
    <!--将每一个属性值都映射成对象中的数据，如果有实体类对象，就写成对象.属性的方式-->
    <!--    <resultMap id="myEmp" type="com.mashibing.bean.Emp">-->
    <!--        <id column="empno" property="empno"></id>-->
    <!--        <result column="ename" property="ename"></result>-->
    <!--        <result column="job" property="job"></result>-->
    <!--        <result column="mgr" property="mgr"></result>-->
    <!--        <result column="hiredate" property="hiredate"></result>-->
    <!--        <result column="sal" property="sal"></result>-->
    <!--        <result column="comm" property="comm"></result>-->
    <!--        <result column="deptno" property="dept.deptno"></result>-->
    <!--        <result column="dname" property="dept.dname"></result>-->
    <!--        <result column="loc" property="dept.loc"></result>-->
    <!--    </resultMap>-->
<!--使用第二种方式-->
    <resultMap id="myEmp" type="com.mashibing.bean.Emp">
        <id column="empno" property="empno"></id>
        <result column="ename" property="ename"></result>
        <result column="job" property="job"></result>
        <result column="mgr" property="mgr"></result>
        <result column="hiredate" property="hiredate"></result>
        <result column="sal" property="sal"></result>
        <result column="comm" property="comm"></result>
        <association property="dept" javaType="com.mashibing.bean.Dept">
            <id property="deptno" column="deptno"></id>
            <result property="dname" column="dname"></result>
            <result property="loc" column="loc"></result>
        </association>
    </resultMap>
    <select id="selectEmpByEmpno" resultMap="myEmp">
        select * from emp left join dept on emp.deptno = dept.deptno where empno = #{empno}
    </select>
</mapper>